Country Code,Country Name,Year,GDP Growth,Investment,Education Expenditure,Productivity Growth
ALB,Albania,2000,7.46285871776054,34.0401392244169,3.3304500579834,6.64
ALB,Albania,2001,8.8637306604876,38.2280453184166,3.34198999404907,8.29
ALB,Albania,2002,4.62839587394552,38.5753358181086,3.00253009796143,4.59
ALB,Albania,2003,5.33326426009945,36.7221284326025,3.03534007072449,4.84
ALB,Albania,2004,5.26626173860785,36.3319472329288,3.1308000087738,4.94
ALB,Albania,2005,5.13082193056189,38.3843892451909,3.20023989677429,5.43
ALB,Albania,2006,6.0189812403864,37.3389564722485,3.10271000862122,5.57
ALB,Albania,2007,6.50009261158209,35.6688758642439,3.14638996124268,5.54
ALB,Albania,2011,2.46351683915714,33.8376091539876,3.17881310743026,0.21
ALB,Albania,2012,0.984129880204108,29.7150278852687,3.29533986928598,-2.18
ALB,Albania,2013,1.7072283175406,29.0566378899977,3.53355002403259,5.66
ALB,Albania,2014,2.24022695382642,28.3047822758213,3.18177734553254,0.86
ALB,Albania,2015,2.2277040745779,27.8134648405134,3.41300010681152,-2.76
ALB,Albania,2016,3.90893551362245,26.814346013014,3.91997003555298,-3.64
ALB,Albania,2017,3.28317593330073,27.657593194662,3.54673004150391,-1.21
ALB,Albania,2018,3.67141928098908,27.1252994132038,3.08201370407389,0.3
AUT,Austria,2000,3.18952292988787,25.9400787116929,5.62036991119385,2.41
AUT,Austria,2001,1.31698749571339,25.4261245518381,5.60476016998291,0.54
AUT,Austria,2002,1.48436877605324,23.7779667439374,5.56255006790161,1.75
AUT,Austria,2003,1.14156504542775,24.4562050749722,5.39253997802734,0.29
AUT,Austria,2004,2.56525534067859,24.2036725711211,5.34223985671997,2.1
AUT,Austria,2005,2.32036514266782,23.9653234755669,5.28515005111694,1.03
AUT,Austria,2006,3.26933601506059,23.8292704822076,5.26367998123169,1.67
AUT,Austria,2007,3.77522468729185,24.7335259294195,5.17918014526367,1.87
AUT,Austria,2008,1.45330562142114,24.7047623915806,5.2985200881958,-0.44
AUT,Austria,2009,-3.58626472551299,23.0148012049122,5.76567983627319,-3.25
AUT,Austria,2010,1.80898243043663,22.8592812354211,5.73625993728638,1.07
AUT,Austria,2011,2.92746800169145,24.3521600435893,5.62787008285522,1.35
AUT,Austria,2012,0.628246239479637,24.2558827220405,5.51612997055054,-0.35
AUT,Austria,2013,-0.250726423318454,23.9413047862951,5.59404993057251,-0.32
AUT,Austria,2014,0.755798850316665,23.848669034824,5.49767017364502,-0.29
AUT,Austria,2015,1.30352331826198,24.012126686949,5.49143981933594,0.41
AUT,Austria,2016,2.11721964494312,24.4571707244108,5.50954008102417,0.78
AUT,Austria,2017,2.27224992038207,24.9780618382281,5.40181016921997,0.77
AUT,Austria,2018,2.48422114080024,25.8982762235252,5.25437021255493,0.71
BLR,Belarus,2000,5.80000327485702,25.3986730605006,6.19661998748779,5.77
BLR,Belarus,2004,11.4497432088167,28.6673014374357,5.7122597694397,12.01
BLR,Belarus,2005,9.40000151584914,28.4604661956657,5.8710298538208,7.21
BLR,Belarus,2006,9.99999473022963,32.1841371566982,6.07696008682251,8.63
BLR,Belarus,2007,8.60000659811426,34.0919031794272,5.15210008621216,7.45
BLR,Belarus,2009,0.199995231733979,36.8640444559238,4.3689398765564,-0.54
BLR,Belarus,2010,7.75001707500896,40.6563662623236,5.22003984451294,6.45
BLR,Belarus,2011,5.54997471638077,37.2175950788459,4.68479013442993,5.64
BLR,Belarus,2012,1.70785253368828,35.0942730563184,4.95964002609253,3.43
BLR,Belarus,2013,0.998719299661161,38.7980262073973,5.0094199180603,1.76
BLR,Belarus,2014,1.65112470228097,34.8410329356421,4.81830978393555,2.36
BLR,Belarus,2015,-3.82957056812593,29.0346959914608,4.78751993179321,-2.68
BLR,Belarus,2016,-2.5264464460425,26.4775827022928,4.94654989242554,-0.53
BLR,Belarus,2017,2.53218349471909,28.0303589091824,4.79500007629395,3.8
BLR,Belarus,2018,3.14919758275296,28.0788785453202,4.83656978607178,3.46
BEL,Belgium,2005,2.32173792911834,23.6810632000764,5.79584980010986,0.87
BEL,Belgium,2008,0.446905130727231,25.9367703303917,6.33294010162354,-1.34
BEL,Belgium,2009,-1.90644105515335,22.0264057475968,6.43465995788574,-1.86
BEL,Belgium,2010,2.71031150254662,22.3942744569467,6.44078016281128,2.21
BEL,Belgium,2011,1.93115502411325,24.4795580355563,6.38481998443604,0.32
BEL,Belgium,2012,0.215803612089744,23.5882360674433,6.56625986099243,0.3
BEL,Belgium,2013,0.305494549070232,22.7089453730117,6.60135984420776,0.79
BEL,Belgium,2014,1.76554038149924,23.2582959776352,6.55866003036499,1.14
BEL,Belgium,2015,1.47416433731927,23.3223676294346,6.46963977813721,1.13
BEL,Belgium,2016,1.19350273007754,24.1815766017974,6.48613023757935,0.23
BEL,Belgium,2017,1.47446761556785,24.3318331321638,6.44915008544922,0.57
BEL,Belgium,2018,1.87796847383565,25.5515767637203,6.38883018493652,0.22
BIH,Bosnia and Herzegovina,2014,1.15384793371298,23.0340139751835,3.31473965674631,2.39
BIH,Bosnia and Herzegovina,2015,4.28413016137854,22.1698345771577,3.0181128667772,1.83
BIH,Bosnia and Herzegovina,2016,3.24225822231566,23.3303836437325,4.26451015472412,5.85
BIH,Bosnia and Herzegovina,2017,3.24409895306594,25.1642904731319,2.83868424239217,0.25
BIH,Bosnia and Herzegovina,2018,3.82900399349064,24.8120206694305,3.89297008514404,1.02
BGR,Bulgaria,2001,3.82370222571771,21.3510606825964,3.38423991203308,4.56
BGR,Bulgaria,2002,5.87193134676191,20.529013802931,3.38608002662659,5.69
BGR,Bulgaria,2003,5.23715282493174,22.0741671260247,3.99845004081726,2.14
BGR,Bulgaria,2004,6.5104241389717,23.4333545983608,4.24988985061646,3.75
BGR,Bulgaria,2005,7.05634916258309,27.7396801127277,4.10879993438721,4.31
BGR,Bulgaria,2006,6.80259262432862,32.0563311507493,3.90346002578735,3.42
BGR,Bulgaria,2007,6.65438512368812,33.606222556895,3.680340051651,4.04
BGR,Bulgaria,2008,6.12955885899744,36.9245307045696,4.2190899848938,3.58
BGR,Bulgaria,2009,-3.34714308501542,28.5382141833642,4.27429008483887,-1.91
BGR,Bulgaria,2010,1.55536266288017,22.5179653399321,3.85746002197266,5.41
BGR,Bulgaria,2011,2.09017598337418,21.3581940338909,3.54690003395081,4.21
BGR,Bulgaria,2012,0.748814556346105,21.8870795265983,3.47650003433227,2.6
BGR,Bulgaria,2013,-0.542753400392826,21.0060147414226,4.05766010284424,0.93
BGR,Bulgaria,2014,0.949449772002041,21.5078429076067,4.19388008117676,1.46
BGR,Bulgaria,2015,3.39755351999294,20.999927047816,3.88469004631042,3.11
BGR,Bulgaria,2016,3.02662820096305,18.9624308573589,3.81435990333557,3.42
BGR,Bulgaria,2017,2.74592737750996,19.8169934625584,4.07754993438721,1.99
BGR,Bulgaria,2018,2.33015054210419,21.1661567293564,4.05201005935669,3.19
HRV,Croatia,2002,5.80141595577015,23.7622362794643,3.82305002212524,4.21
HRV,Croatia,2003,5.56842901730823,27.2298359919119,3.87019991874695,3.08
HRV,Croatia,2004,4.17049297825163,26.025034935926,3.82386994361877,3.29
HRV,Croatia,2007,5.04884076732965,28.1517266885488,3.96898007392883,2.04
HRV,Croatia,2008,1.97176786914632,29.5499946300075,4.2783899307251,-0.37
HRV,Croatia,2009,-6.81168973851901,24.3749580320971,4.36217021942139,-6.66
HRV,Croatia,2010,-1.33616285467264,20.3682057276447,4.20651006698608,2.36
HRV,Croatia,2011,-0.111527124990047,18.9999778658226,4.10584020614624,3.68
HRV,Croatia,2013,-0.132561080066893,18.7253117926413,4.50127983093262,2.14
HRV,Croatia,2017,3.2840626939789,20.839700796268,3.87207007408142,0.92
HRV,Croatia,2018,2.91107146210912,22.4888446291438,3.92432999610901,0.3
CYP,Cyprus,2000,5.96530445494226,20.4291577976899,4.98954010009766,4.24
CYP,Cyprus,2001,3.95256258200938,17.7345535252016,5.11552000045776,1.75
CYP,Cyprus,2002,3.72297491128981,20.2817486986233,5.58166980743408,1.6
CYP,Cyprus,2003,2.62329962315329,19.49832670211,6.6702299118042,-0.94
CYP,Cyprus,2004,5.02627226665527,21.8649074462916,6.11772012710571,1.01
CYP,Cyprus,2005,4.85298762175586,22.2094374377754,6.28667020797729,1.18
CYP,Cyprus,2006,4.71378358593959,24.3137543872675,6.33027982711792,2.81
CYP,Cyprus,2007,5.09822614854798,24.0710075269171,6.28083992004395,0.64
CYP,Cyprus,2008,3.64698922103939,28.6449330178426,6.72277021408081,0.12
CYP,Cyprus,2009,-2.01508203683694,22.5317717896077,7.20547008514404,-2.05
CYP,Cyprus,2010,2.28267100119788,23.6867268786643,6.52559995651245,1.53
CYP,Cyprus,2011,0.416711868408683,18.5481211774998,6.52042007446289,0.38
CYP,Cyprus,2013,-6.58747751118347,12.5650583420074,6.46747016906738,-0.65
CYP,Cyprus,2014,-1.77605867728616,13.1877395604674,6.42111015319824,-0.05
CYP,Cyprus,2015,3.41892038889013,13.3226795380088,6.30491018295288,1.84
CYP,Cyprus,2016,6.57359080924678,17.0541463112928,6.11811017990112,2.09
CYP,Cyprus,2017,5.75083236554525,20.3824581997576,5.69961977005005,0.06
CZE,Czechia,2000,4.010669619984,31.8350210442972,3.61999011039734,5.13
CZE,Czechia,2001,2.9172195289956,32.0060318555442,3.71491003036499,3.18
CZE,Czechia,2002,1.51345949139996,30.4816181826653,3.9390299320221,1.02
CZE,Czechia,2003,3.300836832613,29.5495865624593,4.10311985015869,4.43
CZE,Czechia,2004,4.73633969683438,29.8242716361965,3.98130011558533,5.11
CZE,Czechia,2005,6.37502886086791,29.2856028582089,3.86250996589661,4.5
CZE,Czechia,2006,6.62317299177447,30.0796940275085,4.19625997543335,5.43
CZE,Czechia,2007,5.48882595164517,32.1072107272958,3.85006999969482,3.44
CZE,Czechia,2008,2.61226807205139,30.9994095449633,3.73207998275757,0.49
CZE,Czechia,2009,-4.79832416684926,26.3978882297703,4.1553201675415,-3.05
CZE,Czechia,2010,2.71466509907701,26.7312876523202,3.99341988563538,3.34
CZE,Czechia,2011,1.77238085338473,26.6053370220652,4.20787000656128,2.06
CZE,Czechia,2012,-0.770668190622743,25.6688421143623,4.19049978256226,-1.21
CZE,Czechia,2013,-0.0418124160447491,24.3768606031502,4.02132987976074,-0.8
CZE,Czechia,2014,2.24521219862635,25.3494353917128,3.93603992462158,2.15
CZE,Czechia,2015,4.95875848915604,26.9686249210792,5.71913003921509,3.83
CZE,Czechia,2016,2.58087013921376,25.0750046974725,5.50080013275146,0.85
CZE,Czechia,2017,5.17356529967881,25.0897410946251,3.75574994087219,2.76
CZE,Czechia,2018,2.83030588267866,25.6426079021172,4.21541023254395,1.37
DNK,Denmark,2000,3.72400899471576,22.2944061771116,8.09002017974854,2.98
DNK,Denmark,2001,0.95003224600012,21.7493884508849,8.21092987060547,-0.17
DNK,Denmark,2002,0.456530018779986,21.256815503883,8.20600032806396,0.4
DNK,Denmark,2003,0.441091006625101,20.885998901756,8.10986042022705,1.32
DNK,Denmark,2004,2.77635180744053,21.6460819600503,8.1876802444458,3.21
DNK,Denmark,2005,2.35960882992528,22.1713094338111,8.06474018096924,0.9
DNK,Denmark,2006,3.81648769908172,24.2627515456151,7.71623992919922,1.62
DNK,Denmark,2007,0.987173815945127,25.231367727118,7.59683990478516,-1.39
DNK,Denmark,2008,-0.417178439991005,24.0357328016323,7.441969871521,-1.68
DNK,Denmark,2009,-4.97447905669058,19.0326255602397,8.41279029846191,-1.82
DNK,Denmark,2010,1.58289703108802,17.8221551141916,8.55023002624512,4.3
DNK,Denmark,2011,1.3108037609606,18.9874945831856,8.47716045379639,1.38
DNK,Denmark,2012,-0.0054323016167074,19.2269717517509,7.24570989608765,0.94
DNK,Denmark,2013,1.39267343161971,19.3525146403367,8.46860980987549,0.95
DNK,Denmark,2014,1.27799983192831,20.1482030437865,7.63833999633789,0.74
DNK,Denmark,2016,3.07304549209093,21.680712423112,7.71534013748169,1.72
DNK,Denmark,2017,3.05647723922718,21.9568242214893,7.3700098991394,0.37
DNK,Denmark,2018,1.8600074900921,22.5323146804877,7.32747983932495,0.58
EST,Estonia,2000,10.0876385800462,28.4761032107323,5.33945989608765,9.17
EST,Estonia,2001,5.88074589534277,29.6026320949271,5.23217010498047,5.39
EST,Estonia,2002,6.93300082616575,32.9307657546669,5.433030128479,6.82
EST,Estonia,2003,7.59630181032645,35.1880300634078,5.27171993255615,5.31
EST,Estonia,2004,6.80070110758655,34.6488549298291,4.87566995620728,7.2
EST,Estonia,2005,9.52305386462066,33.3508381603819,4.80935001373291,7.06
EST,Estonia,2007,7.57091879311882,40.0058943445447,4.6196699142456,7.37
EST,Estonia,2008,-5.12531154308803,31.6334055843093,5.48375988006592,-4.9
EST,Estonia,2009,-14.6302225427906,21.0087753498274,5.9597601890564,-4.71
EST,Estonia,2010,2.4497502063999,21.5876781655604,5.51753997802734,8.05
EST,Estonia,2011,7.60697458913162,25.4681664047184,4.99514007568359,0.84
EST,Estonia,2012,3.67201872506541,29.0805066900785,4.67340993881226,1.46
EST,Estonia,2013,1.75649379621869,26.8697121064814,4.78006982803345,0.1
EST,Estonia,2014,3.32278988182702,26.727615908803,4.32586002349854,2.2
EST,Estonia,2015,1.83815262882932,24.6409611018289,5.05127000808716,-1.0
EST,Estonia,2016,3.09301920751959,24.7023530937166,5.05511999130249,2.34
EST,Estonia,2017,5.63467248963991,25.9381976210924,4.86288022994995,2.98
EST,Estonia,2018,3.69969756161726,27.8503992212561,5.13962984085083,3.47
FIN,Finland,2000,5.75373770498848,23.8741513058525,5.71163988113403,3.52
FIN,Finland,2001,2.64026205699308,23.1797971136758,5.84084987640381,1.14
FIN,Finland,2002,1.68732644358099,22.0594179466451,6.01865005493164,0.62
FIN,Finland,2003,2.01179992738312,22.231962772058,6.168869972229,1.86
FIN,Finland,2004,4.00537952277651,22.8724778097656,6.15823984146118,3.41
FIN,Finland,2005,2.77730918518017,24.6073870744416,6.02582979202271,1.2
FIN,Finland,2006,4.01957326515895,24.0013652587917,5.92960977554321,2.16
FIN,Finland,2007,5.31280176694145,25.5534350124827,5.67164993286133,3.1
FIN,Finland,2008,0.784431235717051,25.2485161104333,5.83046007156372,-1.41
FIN,Finland,2009,-8.07603116552393,21.4741244119185,6.45998001098633,-5.81
FIN,Finland,2010,3.1682879121621,22.6073229974435,6.504310131073,3.9
FIN,Finland,2011,2.39039455396828,24.3388732893172,6.45624017715454,1.26
FIN,Finland,2012,-1.52284013040689,23.628342432802,7.1715497970581,-2.26
FIN,Finland,2013,-0.979741024949618,22.6578278795265,7.15288019180298,-0.19
FIN,Finland,2014,-0.4780684247837,22.1690024531831,7.13832998275757,0.12
FIN,Finland,2015,0.466503766322674,21.9056862297328,7.07199001312256,0.7
FIN,Finland,2016,2.57193414898754,23.5883124649425,6.90873003005981,2.16
FIN,Finland,2017,3.30337003591039,24.309542246313,6.40826988220215,1.85
FIN,Finland,2018,1.19297759742292,25.7234643496259,6.31771993637085,-0.98
FRA,France,2017,2.08361485997399,22.1813991959176,5.46482992172241,1.18
FRA,France,2018,1.64590872395887,22.6115738942638,5.42540979385376,0.67
DEU,Germany,2008,0.887902330743628,20.8867329914107,4.47337007522583,-0.35
DEU,Germany,2010,4.13463778522758,19.5310600093299,4.99525022506714,3.85
DEU,Germany,2011,3.75796884489337,21.2669872693317,4.88583993911743,2.53
DEU,Germany,2012,0.463512036709204,19.4724714926695,4.83153009414673,-0.74
DEU,Germany,2013,0.396995583779145,19.7883815690324,4.83911991119385,-0.18
DEU,Germany,2014,2.18018602168017,20.139488753447,4.82582998275757,1.38
DEU,Germany,2015,1.66300602334775,19.4978020945699,4.76157999038696,0.79
DEU,Germany,2016,2.22222216259371,19.7122567843741,4.76321983337402,0.89
DEU,Germany,2017,2.797906720551,20.6909762954118,4.77830982208252,1.01
DEU,Germany,2018,1.13569604599849,21.6503641494105,4.88401985168457,0.24
GRC,Greece,2000,4.13782699405849,26.1132103512829,3.35086011886597,3.58
GRC,Greece,2001,4.65041459442163,25.1433571820657,3.47308993339539,3.76
GRC,Greece,2002,4.68313727063017,23.6770908566951,3.52255010604858,1.44
GRC,Greece,2003,5.79682274294369,26.1381770101347,3.52407002449036,4.35
GRC,Greece,2004,5.37786634595851,25.179542966525,3.76059007644653,2.59
GRC,Greece,2005,1.18350635493289,22.1679676033349,4.0549201965332,-0.33
GRC,Greece,2015,-0.228301892172851,12.0084097844243,3.68238997459412,-1.15
GRC,Greece,2017,1.47312472702352,11.8883016329317,3.46778011322021,-0.04
GRC,Greece,2018,2.06467207892409,12.9530537485632,3.57626008987427,0.23
HUN,Hungary,2000,4.40937501806403,28.1973908964954,4.8624701499939,3.47
HUN,Hungary,2001,4.06202617226026,26.3575592807833,4.92643976211548,4.24
HUN,Hungary,2002,4.73006530805553,25.7468753302212,5.17711019515991,4.82
HUN,Hungary,2003,3.93877761242727,24.7088343047099,5.79872989654541,4.09
HUN,Hungary,2004,4.96312536156307,27.5022265501896,5.33301019668579,5.84
HUN,Hungary,2005,4.30028318461673,26.164171343722,5.32539987564087,4.55
HUN,Hungary,2006,3.93393162712054,26.3418856770072,5.29485988616943,3.58
HUN,Hungary,2007,0.332354337878925,24.8978381794695,5.13725996017456,0.1
HUN,Hungary,2008,0.993437085479655,25.1420059545726,4.97069978713989,3.08
HUN,Hungary,2009,-6.7401660845502,20.9966487581136,4.95626020431519,-4.32
HUN,Hungary,2010,1.06795068152046,21.1892791243323,4.73365020751953,1.77
HUN,Hungary,2011,1.91670916599742,21.0337908782192,4.57056999206543,1.81
HUN,Hungary,2012,-1.33948446518181,20.2865308170944,4.15359020233154,-1.63
HUN,Hungary,2013,2.03216990678146,21.8946534040546,4.19040012359619,0.86
HUN,Hungary,2014,4.33435364113967,24.4405160787979,4.59878015518188,-0.61
HUN,Hungary,2015,3.65981615406955,23.8567656111926,4.49287986755371,1.39
HUN,Hungary,2016,2.43864141309342,22.0321821931455,4.60210990905762,-0.83
HUN,Hungary,2017,4.12418389451805,23.2730768860194,4.64034986495972,2.26
HUN,Hungary,2018,5.60613813768876,27.0910945827596,4.60567998886108,2.88
ISL,Iceland,2000,4.90518213950493,24.6194667661392,6.4314398765564,2.81
ISL,Iceland,2001,3.84093935332692,22.6569252253114,6.70591020584106,2.2
ISL,Iceland,2002,0.542286728290463,19.5095367275369,7.29892015457153,2.16
ISL,Iceland,2003,2.28136971847135,21.1252538271133,7.24507999420166,2.14
ISL,Iceland,2004,7.62260520494142,24.596069073569,7.16119003295898,8.6
ISL,Iceland,2005,7.02934061160924,29.1309380362617,7.33842992782593,2.9
ISL,Iceland,2006,5.67161248703039,35.9714130790896,7.19518995285034,0.1
ISL,Iceland,2007,8.74132941862472,29.6512685107527,6.94434022903442,4.67
ISL,Iceland,2008,1.69961072411662,25.8874469911237,7.03599977493286,1.19
ISL,Iceland,2009,-8.32146414938261,14.7799889271266,7.18984985351562,1.44
ISL,Iceland,2010,-2.22181843777449,13.8337714379496,6.94422006607056,-2.19
ISL,Iceland,2011,1.37999669197329,15.3142065291421,6.78996992111206,0.7
ISL,Iceland,2012,1.16931174934061,15.8900528697338,7.58223009109497,-0.52
ISL,Iceland,2013,3.59695697128252,15.0113948326003,7.44866991043091,1.64
ISL,Iceland,2014,1.91381613095174,17.0733672335346,7.6414098739624,-0.31
ISL,Iceland,2015,3.76859020213645,19.1932461301069,7.45796012878418,1.57
ISL,Iceland,2016,6.21808764670307,20.8155538899524,7.43221998214722,2.63
ISL,Iceland,2017,3.48506704155555,21.5754324923505,7.58384990692139,0.61
ISL,Iceland,2018,4.66077036232377,22.1950215110373,7.56350994110107,1.16
IRL,Ireland,2000,9.40352476399653,24.5079507553549,4.13226985931396,4.75
IRL,Ireland,2001,5.30582133514299,24.2562415894467,4.08750009536743,2.1
IRL,Ireland,2002,5.89936506079005,24.0825971908065,4.10487985610962,4.28
IRL,Ireland,2003,3.01383869396012,25.7442230479854,4.20493984222412,1.14
IRL,Ireland,2004,6.78813990621356,27.2182633667919,4.48295021057129,3.22
IRL,Ireland,2005,5.73978202625278,30.3097495862833,4.51897001266479,0.75
IRL,Ireland,2006,4.98785364537615,31.8932052929498,4.54742002487183,0.43
IRL,Ireland,2007,5.31011830898613,29.2481055759668,4.71541976928711,0.91
IRL,Ireland,2008,-4.48407081043062,24.6670937529866,5.45828008651733,-3.88
IRL,Ireland,2009,-5.09578277913846,20.3036687538517,6.15609979629517,3.0
IRL,Ireland,2010,1.68297175486512,17.2913563758605,6.04835987091065,6.59
IRL,Ireland,2011,1.60886648916944,17.1044449032773,5.77199983596802,2.31
IRL,Ireland,2012,-0.40502941658977,19.8882110372842,5.70776987075806,0.7
IRL,Ireland,2013,2.1929375750029,18.3655706866444,5.23177003860474,-1.6
IRL,Ireland,2014,9.38579335130922,21.9360604785157,4.73554992675781,5.75
IRL,Ireland,2015,24.6239856364006,26.0839383373545,3.62438988685608,20.93
IRL,Ireland,2016,1.22271661130947,35.6293704495612,3.65881991386414,-0.07
IRL,Ireland,2017,10.1088576065965,34.0348773847935,3.37737011909485,5.13
IRL,Ireland,2018,7.68865937437435,28.1743871487953,3.30347990989685,4.5
ITA,Italy,2000,3.88209885062652,21.3236101039876,4.27996015548706,1.8
ITA,Italy,2001,2.00643329837733,21.3054469235642,4.63416004180908,-0.01
ITA,Italy,2002,0.26992966378873,22.0519500121835,4.41520977020264,-1.4
ITA,Italy,2003,0.0665538088732092,21.5802501954429,4.52654981613159,-1.31
ITA,Italy,2004,1.4740217064723,21.6420048852847,4.37002992630005,0.81
ITA,Italy,2005,0.762410677306491,21.5260216463093,4.22292995452881,0.26
ITA,Italy,2006,1.79947992234244,22.3603695757618,4.50464010238647,-0.18
ITA,Italy,2007,1.46229205289291,22.6200727686655,4.08763980865479,0.24
ITA,Italy,2008,-1.02313851177097,22.0387757321995,4.37188005447388,-1.17
ITA,Italy,2009,-5.30515401233991,19.7023773902113,4.50414991378784,-3.67
ITA,Italy,2010,1.52910573247101,20.7969716146664,4.31626987457275,2.37
ITA,Italy,2011,0.695463154440176,20.6773631014391,4.09431982040405,0.4
ITA,Italy,2012,-3.12523877282996,17.9698064515339,4.03481006622315,-2.68
ITA,Italy,2013,-1.81802510749792,17.0062223799047,4.12192010879517,-0.06
ITA,Italy,2014,-0.0013876173045446,17.0766736026264,4.04026985168457,-0.07
ITA,Italy,2015,0.885667635240807,17.2813174853484,4.05422019958496,0.13
ITA,Italy,2016,1.23622108511661,17.7118639941996,3.795490026474,-0.06
ITA,Italy,2017,1.60369995294101,18.1694222906025,4.02662992477417,0.54
ITA,Italy,2018,0.826646712344115,18.6608716078644,4.24094009399414,-0.1
LVA,Latvia,2000,5.84102642353959,24.9631641629445,5.40854978561401,9.28
LVA,Latvia,2001,6.46057826727287,28.3001992418424,5.56101989746094,4.62
LVA,Latvia,2002,7.66548778586991,28.6201729296497,5.78911018371582,5.58
LVA,Latvia,2003,8.42913257059108,31.0011264637384,5.2944598197937,7.76
LVA,Latvia,2004,8.72514341727928,34.368915450929,5.04684019088745,8.08
LVA,Latvia,2006,12.825017846905,41.8198632239093,4.94490003585815,5.8
LVA,Latvia,2007,10.4145372792714,43.6658757384645,4.89059019088745,5.97
LVA,Latvia,2008,-3.38871665849958,36.9756564896607,5.63671016693115,-2.52
LVA,Latvia,2009,-16.0400195313042,23.2112323411887,5.67728996276855,0.12
LVA,Latvia,2010,-3.66125859554762,20.9313394628785,5.14355993270874,2.35
LVA,Latvia,2011,3.03634482668815,26.7745639280943,5.24315977096558,4.71
LVA,Latvia,2012,7.30524057200897,28.639673212023,6.83852005004883,2.65
LVA,Latvia,2013,2.09609028156248,25.298238178176,7.24962997436523,0.02
LVA,Latvia,2014,2.0949597710559,24.6659431197334,5.47479009628296,3.31
LVA,Latvia,2015,3.78336712084972,24.149732505911,5.46670007705688,1.82
LVA,Latvia,2016,2.55168601974034,21.7559480147378,4.82350015640259,2.08
LVA,Latvia,2017,3.39894872623931,22.7120380081921,4.52905988693237,3.82
LVA,Latvia,2018,4.30971286294503,23.8742877736126,4.39430999755859,2.97
LTU,Lithuania,2001,6.48412665187908,19.3746140196783,5.83644008636475,10.73
LTU,Lithuania,2002,6.71983945103626,21.064433775953,5.79093980789185,3.03
LTU,Lithuania,2003,10.5518959629574,22.2317698184889,5.1067099571228,8.13
LTU,Lithuania,2004,6.50203536075556,23.4409316851452,5.14797019958496,7.73
LTU,Lithuania,2005,7.7314467577492,24.4085431146972,4.87698984146118,6.92
LTU,Lithuania,2006,7.39548122468629,26.8802630577834,4.83653020858765,7.74
LTU,Lithuania,2007,11.0779282578673,32.4396749969277,4.59159994125366,8.87
LTU,Lithuania,2008,2.59946154605602,28.2461520781263,4.83649015426636,4.0
LTU,Lithuania,2009,-14.8386117894848,12.9798453346191,5.56941986083984,-7.72
LTU,Lithuania,2010,0.427199566550769,17.8578010235461,5.36880016326904,7.16
LTU,Lithuania,2011,6.32363664821298,22.3672029077554,5.15469980239868,5.52
LTU,Lithuania,2012,4.38290584355157,20.2704080461532,4.78232002258301,2.03
LTU,Lithuania,2013,4.04691318575325,20.4182900930827,4.62416982650757,2.2
LTU,Lithuania,2014,3.7725437958099,20.3004773754029,4.5076699256897,1.47
LTU,Lithuania,2015,2.83280643343234,22.5552269115381,4.21646022796631,0.74
LTU,Lithuania,2016,2.67192215053329,20.2876398712687,4.01143980026245,0.56
LTU,Lithuania,2017,4.61224310312809,20.480115803004,3.81236004829407,4.79
LTU,Lithuania,2018,4.91836780106811,22.4066386338902,3.85628008842468,2.56
LUX,Luxembourg,2001,3.07427520210337,22.2117941157897,3.53973007202148,-3.01
LUX,Luxembourg,2012,1.64971134354685,18.7523048822473,3.87815999984741,-2.71
LUX,Luxembourg,2014,2.62308838097542,19.0935860222457,3.85569000244141,1.69
LUX,Luxembourg,2015,2.26836572735107,18.9585060879567,3.76792001724243,1.69
LUX,Luxembourg,2017,1.31711942298405,18.8897175502242,3.48645997047424,-1.58
LUX,Luxembourg,2018,1.61129891211624,16.9949135422123,3.65772008895874,-0.61
MLT,Malta,2002,2.74113503379645,17.512829769875,4.15744018554688,2.7
MLT,Malta,2004,0.407354423655889,23.5801228472506,4.430260181427,0.07
MLT,Malta,2007,5.03640177981643,22.5228776793051,5.95993995666504,1.71
MLT,Malta,2008,4.41059689827608,22.2299767218029,5.47429990768433,0.78
MLT,Malta,2009,-1.39524956144803,21.2352843365613,5.04781007766724,-2.5
MLT,Malta,2010,6.19734978656928,21.8643918682215,6.20798015594482,1.78
MLT,Malta,2011,0.992201768011597,17.5046050197968,7.57771015167236,-1.59
MLT,Malta,2012,4.10167460261891,19.2733850981835,6.24788999557495,0.0
MLT,Malta,2013,6.29233378116625,17.0987627782599,7.40672016143799,0.77
MLT,Malta,2014,7.6313628225042,15.9078608339013,6.84973001480103,3.16
MLT,Malta,2015,9.62070302842181,23.4549259783373,4.91352987289429,6.5
MLT,Malta,2016,4.07800422216982,21.940176272756,4.95570993423462,1.34
MLT,Malta,2017,12.9713425287845,19.1594164288903,4.34281015396118,-1.04
MDA,Moldova,2000,2.10771608200733,23.9469590858874,4.48639011383057,0.76
MDA,Moldova,2001,6.10000039929173,23.2823598271446,4.84684991836548,7.23
MDA,Moldova,2002,7.79999965773833,21.6601824678981,5.4979100227356,7.44
MDA,Moldova,2003,6.59999995777716,23.1775987544806,5.42489004135132,18.23
MDA,Moldova,2004,7.39999973358189,26.3591502247752,6.77103996276855,10.66
MDA,Moldova,2005,7.5000001493726,30.8255630510995,7.16270017623901,7.26
MDA,Moldova,2006,4.79999983670831,32.7480806184922,7.49899005889893,9.97
MDA,Moldova,2007,3.00000022585525,38.1055549316863,8.29337024688721,3.83
MDA,Moldova,2008,7.80000014541523,39.227918692985,8.23727035522461,7.46
MDA,Moldova,2009,-6.00000026352828,23.1418973846398,9.5097599029541,-0.68
MDA,Moldova,2010,7.10000010705836,23.8517865932859,7.5922999382019,10.94
MDA,Moldova,2011,5.81816614684824,24.0486714251096,7.13638019561768,3.02
MDA,Moldova,2012,-0.589733954762579,24.1985192443336,6.9834098815918,1.75
MDA,Moldova,2013,9.0438656074181,24.9382002000225,5.90975516494477,6.63
MDA,Moldova,2014,4.99962585407656,23.7825706600568,6.33807992935181,3.94
MDA,Moldova,2015,-0.338235622387202,24.0620907895527,5.76665405944246,-1.91
MDA,Moldova,2016,4.64601436259409,21.9868853235417,5.67210006713867,3.04
MDA,Moldova,2017,4.17561205106279,21.9389542125047,5.71017980575562,5.73
MDA,Moldova,2018,4.07559546585034,26.5918106703471,5.53886985778809,-0.29
NLD,Netherlands,2000,4.21970034558892,22.4588724676077,4.58325004577637,2.32
NLD,Netherlands,2001,2.32358454925847,22.6044175168395,4.68933010101318,0.32
NLD,Netherlands,2002,0.24582951723049,20.9657566797441,4.78904008865356,-0.5
NLD,Netherlands,2003,0.0978549395212411,20.4311120001709,5.0199499130249,0.72
NLD,Netherlands,2004,2.01628331561487,20.2354145150337,5.0411901473999,3.15
NLD,Netherlands,2005,2.03401576512488,20.3913422355285,5.08871984481812,1.38
NLD,Netherlands,2006,3.53729585853395,20.9352721280667,5.01913976669312,1.26
NLD,Netherlands,2007,3.88542348324803,23.2286138653607,4.85854005813599,0.8
NLD,Netherlands,2008,2.11674514240192,22.2059299952863,4.99737977981567,0.53
NLD,Netherlands,2009,-3.66528147002826,20.5767305168581,5.38561010360718,-2.84
NLD,Netherlands,2010,1.31935287897116,20.0371060399178,5.45634984970093,2.04
NLD,Netherlands,2011,1.77330320575034,19.9116480923396,5.41595983505249,0.68
NLD,Netherlands,2012,-0.977826121310997,18.5826577863124,5.36694002151489,-0.83
NLD,Netherlands,2013,-0.0302410184270769,18.3607360340882,5.48417997360229,1.06
NLD,Netherlands,2014,1.61255885112396,17.7066341303839,5.40205001831055,1.52
NLD,Netherlands,2015,2.12064007193544,22.1699860549934,5.27802991867065,1.0
NLD,Netherlands,2016,2.42428065449427,19.7764432256049,5.38952016830444,1.08
NLD,Netherlands,2017,2.78150834679987,20.2151929584837,5.08747005462646,0.73
NLD,Netherlands,2018,2.25873158164956,20.4804432515785,5.26723003387451,0.07
MKD,North Macedonia,2002,1.49366547202928,20.8302234116196,3.30014991760254,-1.64
NOR,Norway,2000,3.443416131481,21.1263938589634,6.45935010910034,2.58
NOR,Norway,2001,2.1634350595868,19.8231380030983,6.82014989852905,1.72
NOR,Norway,2002,1.45747886087304,19.3942483081845,7.42243003845215,1.06
NOR,Norway,2003,1.09635781210122,18.5016607815225,7.39930009841919,2.13
NOR,Norway,2004,4.33015597691212,20.5503073798527,7.27745008468628,3.3
NOR,Norway,2005,2.96973597025936,21.3471923026697,6.84081983566284,1.32
NOR,Norway,2006,2.84726376691944,22.801746254571,6.35823011398315,-0.97
NOR,Norway,2007,3.42030119916608,25.9515026676628,6.50672006607056,-1.11
NOR,Norway,2008,0.822805797014865,25.0626873295723,6.2491397857666,-2.67
NOR,Norway,2009,-1.61327151945869,23.4094315363354,7.07068014144897,-1.27
NOR,Norway,2010,1.00493269017117,24.0082068030157,6.71042013168335,1.25
NOR,Norway,2011,1.38505117083945,24.4632060581118,6.4148998260498,-0.52
NOR,Norway,2012,2.82395673492459,24.8841937099589,7.32766008377075,0.64
NOR,Norway,2013,1.27290177696287,26.1789626307442,7.43905019760132,-0.05
NOR,Norway,2014,2.09521388080101,25.9804539858352,7.64402008056641,0.74
NOR,Norway,2015,2.04428845501438,25.5765362668571,7.52335977554321,1.56
NOR,Norway,2016,1.29158732771135,26.1648857958756,7.98443984985352,0.89
NOR,Norway,2017,2.66964474273466,26.004345157941,7.84599018096924,1.22
NOR,Norway,2018,1.1103912365576,25.9594681444999,7.59564018249512,-0.21
POL,Poland,2000,4.65633252988236,24.6999676719407,4.96281003952026,7.14
POL,Poland,2001,1.23374464400356,20.6408974856903,5.29358005523682,3.54
POL,Poland,2002,1.90119437968586,18.5444793558839,5.37052011489868,5.22
POL,Poland,2003,3.52337117234833,18.9111542221715,5.30664014816284,4.78
POL,Poland,2004,5.09079546409544,20.4890653221513,5.33129978179932,3.96
POL,Poland,2005,3.26082274679216,20.1073600639489,5.41065979003906,1.31
POL,Poland,2006,6.20210710934373,21.9561662978922,5.18848991394043,2.91
POL,Poland,2007,6.7604478527626,25.4186459060222,4.86086988449097,2.43
POL,Poland,2008,4.38377069274605,24.7561450970576,5.02344989776611,0.43
POL,Poland,2009,2.61512859291683,20.7579141114998,4.97665977478027,2.45
POL,Poland,2010,3.16892748258036,20.8586688863455,5.08126020431519,6.43
POL,Poland,2011,5.25546256612796,22.3450463094694,4.82901000976562,4.43
POL,Poland,2012,1.51178167644575,20.8019518666142,4.83311986923218,1.49
POL,Poland,2013,0.684240607051805,19.1280449978263,4.99779987335205,1.46
POL,Poland,2014,3.92050862390032,20.8272789201168,4.93858003616333,1.56
POL,Poland,2015,4.43176700264478,20.8016958781231,4.78748989105225,2.29
POL,Poland,2016,3.03117767594847,20.0873009067718,4.62726020812988,2.23
POL,Poland,2017,5.15245773325907,19.9081446848915,4.54246997833252,3.55
POL,Poland,2018,6.2458584723942,21.443880969665,4.55985021591187,4.8
PRT,Portugal,2000,3.81617714108242,28.7766387963597,5.16386985778809,1.58
PRT,Portugal,2001,1.94367213427915,28.1574917811274,5.33713006973267,0.19
PRT,Portugal,2002,0.770924781247714,25.9043294973227,5.25872993469238,0.38
PRT,Portugal,2003,-0.930521045062918,23.1147053583821,5.28152990341187,0.04
PRT,Portugal,2004,1.78873552917291,23.8243238411168,5.04640007019043,2.51
PRT,Portugal,2005,0.781847569123585,23.3586139281485,5.07393980026245,1.25
PRT,Portugal,2006,1.62503532956156,22.9256733300806,4.90769004821777,1.23
PRT,Portugal,2007,2.50657937751231,23.0998862393828,4.92149019241333,2.49
PRT,Portugal,2008,0.319247344434558,23.5794931626439,4.69608020782471,-0.05
PRT,Portugal,2009,-3.12207827545093,20.8425074783613,5.56315994262695,-0.41
PRT,Portugal,2010,1.73762453640036,21.1994526798182,5.40499019622803,3.21
PRT,Portugal,2011,-1.71352745905065,18.6613799007397,5.11688995361328,0.25
PRT,Portugal,2012,-4.05090267621935,15.7536608050077,4.94226980209351,0.03
PRT,Portugal,2013,-0.984106574148328,14.6835299275763,5.26528978347778,2.0
PRT,Portugal,2014,0.741391420706506,15.3444039472278,5.12005996704102,-0.61
PRT,Portugal,2015,1.58979803702681,15.9379888733382,4.89425992965698,0.39
PRT,Portugal,2017,3.31472008175986,17.44628649988,5.02685022354126,0.22
PRT,Portugal,2018,2.94628343449202,18.5247214985093,4.6793999671936,0.11
ROU,Romania,2000,2.4612634592269,19.6695811091698,2.86862993240356,3.26
ROU,Romania,2001,5.21813625673708,22.7560110876947,3.26629996299744,6.35
ROU,Romania,2002,5.70299165043771,22.1726981083131,3.50411009788513,17.66
ROU,Romania,2003,2.34114732919521,23.1953192411743,3.54397010803223,2.39
ROU,Romania,2004,10.4281130180976,24.2165645026754,3.31273007392883,12.29
ROU,Romania,2005,4.6681480508487,22.9306854622381,3.50038003921509,6.29
ROU,Romania,2006,8.02881107599163,27.4669698502695,4.30650997161865,7.29
ROU,Romania,2007,7.23380774362805,31.3370187913254,4.14953994750977,6.84
ROU,Romania,2008,9.30746717077338,33.0936844355478,4.09722995758057,9.29
ROU,Romania,2009,-5.51670615843011,27.2026875632393,4.00193023681641,-3.61
ROU,Romania,2010,-3.90581157302972,27.1890794202952,3.41647005081177,-3.64
ROU,Romania,2011,4.49558909946313,27.809701397226,2.91359996795654,2.84
ROU,Romania,2012,1.90361696799603,26.7222427286412,2.8234601020813,7.24
ROU,Romania,2013,0.278771877470234,25.2514905784046,3.06785011291504,4.43
ROU,Romania,2014,4.11600109267832,25.2257196462876,3.12494993209839,2.63
ROU,Romania,2015,3.1570360543854,25.4960152893431,3.10693001747131,5.2
ROU,Romania,2016,2.85993252302089,23.6646873522112,3.0255401134491,6.0
ROU,Romania,2017,8.19547826641261,23.9867377562262,3.11819005012512,4.4
ROU,Romania,2018,5.39452228185675,23.0435742456948,3.31710004806519,3.71
RUS,Russian Federation,2000,10.0000668136515,18.6937601947688,2.93979001045227,9.31
RUS,Russian Federation,2001,5.10005122572568,21.9498173349418,3.10601997375488,4.35
RUS,Russian Federation,2002,4.69999190914258,20.0295461890033,3.83502006530762,3.75
RUS,Russian Federation,2003,7.29995234528189,20.8589584807348,3.67855000495911,6.64
RUS,Russian Federation,2004,7.19994786954857,20.9012750797344,3.54785990715027,5.64
RUS,Russian Federation,2005,6.39996544799469,20.0774969178103,3.77192997932434,4.81
RUS,Russian Federation,2006,8.20006825456321,21.1715918033474,3.86626005172729,6.9
RUS,Russian Federation,2008,5.19996926404957,25.5012197086864,4.10174989700317,4.86
RUS,Russian Federation,2010,4.49999999920672,22.6150505519736,4.08974230526824,3.72
RUS,Russian Federation,2011,4.30002918604238,24.2607379312639,3.71261270253186,2.94
RUS,Russian Federation,2012,4.0240861571798,24.5536933545168,3.79310011863708,2.7
RUS,Russian Federation,2013,1.75542214916291,23.2716819870194,3.76382994651794,2.02
RUS,Russian Federation,2014,0.736267221403651,22.3908642287739,4.01387977600098,0.49
RUS,Russian Federation,2015,-1.9727192264298,22.148725318159,3.83402991294861,-3.37
RUS,Russian Federation,2016,0.193671130698817,23.0954224731096,3.76044011116028,0.23
RUS,Russian Federation,2017,1.82670527549192,23.6067558621651,4.68990993499756,1.98
RUS,Russian Federation,2018,2.80634082046656,21.9180891512463,4.67819023132324,1.84
SRB,Serbia,2007,7.83207023027602,24.898939060219,4.04881000518799,2.97
SRB,Serbia,2009,-3.14261075416574,18.554576515854,4.3127498626709,3.18
SRB,Serbia,2011,0.0542724836581954,18.149940401775,4.0735502243042,7.56
SRB,Serbia,2016,2.97519807160826,18.1669241245312,3.50275993347168,-2.55
SRB,Serbia,2017,2.3634031250553,19.7183969139317,3.56539011001587,-0.92
SRB,Serbia,2018,4.64935035491007,22.4992604945944,3.43663001060486,2.77
SVK,Slovak Republic,2000,0.78922447792516,27.8153225458448,3.86823010444641,3.18
SVK,Slovak Republic,2001,2.92516077248489,31.4531074581958,3.94236993789673,2.66
SVK,Slovak Republic,2002,4.41725348271514,30.8750199344027,4.25193023681641,4.41
SVK,Slovak Republic,2003,4.85669851591319,26.5046804353507,4.23699998855591,4.37
SVK,Slovak Republic,2004,5.38949856996771,27.5953334016425,4.11747980117798,5.52
SVK,Slovak Republic,2005,6.48493222274386,30.5761492545056,3.77565002441406,4.93
SVK,Slovak Republic,2006,8.92568704770216,29.2662149111272,3.70850992202759,6.28
SVK,Slovak Republic,2007,10.8186295074904,29.0013589753236,3.52223992347717,8.56
SVK,Slovak Republic,2008,5.36337721231949,29.292929955951,3.52339005470276,2.28
SVK,Slovak Republic,2009,-5.50533790972226,21.4028753757641,4.00893020629883,-3.57
SVK,Slovak Republic,2010,6.79058159142423,25.3783368279954,4.04704999923706,7.35
SVK,Slovak Republic,2011,2.56242473215553,26.5333923090075,3.90686988830566,1.07
SVK,Slovak Republic,2012,1.56917104702706,21.474904237703,3.85490989685059,1.84
SVK,Slovak Republic,2013,0.703323545247201,22.1131489252307,4.06078004837036,1.46
SVK,Slovak Republic,2014,2.70795151449488,22.7798159146212,4.20446014404297,1.32
SVK,Slovak Republic,2015,5.17687909722133,25.7777282551685,4.56416988372803,2.79
SVK,Slovak Republic,2016,1.94781841524558,24.5392697834922,3.88375997543335,-0.25
SVK,Slovak Republic,2017,2.87473327453695,23.5559590901028,3.91876006126404,0.82
SVK,Slovak Republic,2018,4.06211981896483,24.2014212638106,3.93534994125366,1.99
SVN,Slovenia,2001,2.82868479430465,26.8861602046924,5.81461000442505,2.63
SVN,Slovenia,2002,3.28258371393918,25.70100156278,5.74013996124268,1.9
SVN,Slovenia,2003,3.19503117236037,26.8382582282831,5.75657987594604,3.28
SVN,Slovenia,2004,4.54602214352336,29.0471155904874,5.68693017959595,4.06
SVN,Slovenia,2005,3.8541277114569,28.6986499842107,5.64437007904053,4.3
SVN,Slovenia,2006,5.90878130011174,30.5745557357793,5.62207984924316,4.11
SVN,Slovenia,2007,7.1392312914716,33.2981260591771,5.13660001754761,3.51
SVN,Slovenia,2008,3.37223866114127,33.1452787386717,5.13438987731934,0.92
SVN,Slovenia,2009,-7.59058614046387,23.7456185537015,5.62079000473022,-5.86
SVN,Slovenia,2010,1.11213719306735,22.5601344858632,5.59362983703613,3.53
SVN,Slovenia,2011,0.655438128379743,21.8690049997807,5.58290004730225,2.58
SVN,Slovenia,2012,-2.91553782040462,18.8609355850954,5.6702299118042,-1.73
SVN,Slovenia,2013,-0.823776417691676,19.7842267864778,5.46767997741699,0.1
SVN,Slovenia,2014,2.76283327639742,19.7452653119649,5.34328985214233,2.36
SVN,Slovenia,2015,2.39330621338168,19.4686216573949,4.95528984069824,0.89
SVN,Slovenia,2016,3.03441486663654,18.8479088939625,4.84419012069702,1.3
SVN,Slovenia,2017,5.17440215579958,20.2503347880345,4.82381010055542,1.83
SVN,Slovenia,2018,4.37908347331195,21.5608446841882,4.97948980331421,1.1
ESP,Spain,2000,5.20064125553942,26.6723700485971,4.16786003112793,0.26
ESP,Spain,2001,3.91908880808811,26.4824711323646,4.11147022247315,0.58
ESP,Spain,2002,2.75545611564098,26.705648861478,4.13351011276245,0.15
ESP,Spain,2003,2.9392895953076,27.5285511216757,4.17126989364624,-0.34
ESP,Spain,2004,3.1145314799161,28.3028257363739,4.15485000610352,-0.62
ESP,Spain,2005,3.5512255846125,29.4041085115965,4.14090013504028,-0.61
ESP,Spain,2006,4.04343515605099,30.5843124611931,4.17999982833862,-0.07
ESP,Spain,2007,3.53350013165972,30.458980215138,4.24615001678467,0.32
ESP,Spain,2008,0.767165748290694,28.4790441123592,4.51630020141602,0.7
ESP,Spain,2009,-3.76813306940053,23.3519417701936,4.89520978927612,2.68
ESP,Spain,2010,0.0941223116369514,22.3988413816153,4.83606004714966,1.93
ESP,Spain,2011,-0.639920636520344,20.7135839205008,4.71897983551025,1.92
ESP,Spain,2012,-2.86511368637748,18.5944685336556,4.46012020111084,1.11
ESP,Spain,2013,-1.42732224757626,17.412338687976,4.32852983474731,1.22
ESP,Spain,2014,1.52048593647231,18.1481477916625,4.27524995803833,0.39
ESP,Spain,2015,4.06086672473866,19.3734408230247,4.24903011322021,0.98
ESP,Spain,2016,2.91515598595787,19.0611122143393,4.19327020645142,0.46
ESP,Spain,2017,2.89604207865007,19.5656670290524,4.17846012115479,0.33
ESP,Spain,2018,2.39541124478878,20.7061758213476,4.15045022964478,0.2
SWE,Sweden,2000,4.63112136551369,22.2311755975548,6.7383599281311,2.37
SWE,Sweden,2001,1.36080642694121,22.3039192201803,6.61482000350952,-0.62
SWE,Sweden,2002,2.27772867861897,21.60471563059,6.91077995300293,2.15
SWE,Sweden,2003,1.88102769675844,21.245941934027,6.79678010940552,2.84
SWE,Sweden,2004,4.17958419343711,21.1628436942009,6.6729998588562,5.06
SWE,Sweden,2005,2.79313782840156,21.277313898577,6.51516008377075,2.62
SWE,Sweden,2006,4.67607488877992,22.4549230007772,6.37277984619141,2.86
SWE,Sweden,2007,3.22486814096095,24.0781550268935,6.18673992156982,1.1
SWE,Sweden,2008,-0.923113250067971,23.9610681178216,6.38263988494873,-1.13
SWE,Sweden,2009,-4.25561384207619,20.4603001983975,6.78425979614258,-1.86
SWE,Sweden,2010,5.75076477579255,22.4219023210946,6.56318998336792,5.18
SWE,Sweden,2011,3.16388567406926,23.2373150954555,6.40655994415283,0.9
SWE,Sweden,2012,-0.414397702454409,21.9937736525354,7.57456016540527,-1.36
SWE,Sweden,2013,1.13766671801426,21.899375975039,7.6465802192688,0.13
SWE,Sweden,2014,2.29577238758284,22.8644895912017,7.62924003601074,1.32
SWE,Sweden,2015,4.38824673608589,23.7906694877918,7.49442005157471,2.9
SWE,Sweden,2016,2.13117914731151,24.3491111935187,7.63991022109985,0.55
SWE,Sweden,2017,1.88282184966646,25.0919649215298,7.63849020004272,0.07
SWE,Sweden,2018,1.7702553546772,25.3360254860097,7.69825983047485,0.39
CHE,Switzerland,2000,3.63321673470911,27.9176282410949,4.65878009796143,2.93
CHE,Switzerland,2001,1.59219781357001,28.5122550939251,4.82218980789185,-0.35
CHE,Switzerland,2002,0.380410134195273,27.2487659367689,5.17882013320923,-0.55
CHE,Switzerland,2003,-0.284222357857615,26.7513983417559,5.38400983810425,0.4
CHE,Switzerland,2004,2.58692895529093,25.0557566926262,5.3142900466919,2.49
CHE,Switzerland,2005,2.95208487460334,27.458181859409,5.08472013473511,2.37
CHE,Switzerland,2006,4.13432251467916,28.2033629386961,4.84120988845825,1.77
CHE,Switzerland,2007,3.98319384807056,27.1952335500482,4.58396005630493,1.49
CHE,Switzerland,2008,2.53159615417233,27.637426604477,4.75724983215332,-0.23
CHE,Switzerland,2009,-1.93490944903913,28.7707915094253,4.92561006546021,-2.68
CHE,Switzerland,2010,3.26063082122047,26.3569227706682,4.80210018157959,2.76
CHE,Switzerland,2011,1.40766067483813,28.7441224133593,4.85663986206055,-0.83
CHE,Switzerland,2012,1.12413575027705,27.1030209487493,4.89862012863159,-0.73
CHE,Switzerland,2013,1.83612392927999,25.7348146586546,4.91392993927002,0.58
CHE,Switzerland,2014,2.54342347675991,26.3311648855109,4.93057012557983,0.56
CHE,Switzerland,2015,1.45450336491099,25.9410074917815,4.99560022354126,-0.18
CHE,Switzerland,2016,1.91159094214852,26.6210457356761,4.98164987564087,0.33
CHE,Switzerland,2017,1.42034612231261,27.1836865705199,5.01765012741089,0.87
CHE,Switzerland,2018,3.32743256101493,27.2924547005501,4.9300799369812,1.81
TUR,Turkiye,2011,10.9799625273598,31.958286232969,4.22150993347168,4.57
TUR,Turkiye,2012,4.80762696633448,29.421538205313,4.38721990585327,1.67
TUR,Turkiye,2013,8.48825689298511,31.3649431990856,4.34479999542236,5.55
TUR,Turkiye,2014,4.60079447270559,30.2115390664919,4.41256999969482,-0.04
TUR,Turkiye,2015,5.80557386628684,30.062899150791,4.30550003051758,3.2
TUR,Turkiye,2016,3.32366508200445,29.8288300175216,4.62773990631104,0.98
TUR,Turkiye,2017,7.82585730002594,32.7946921972451,4.32369995117188,3.74
TUR,Turkiye,2018,3.46815306092219,31.3408009091416,4.29729986190796,0.93
UKR,Ukraine,2000,5.90000000024899,19.8037790697674,4.02293014526367,5.23
UKR,Ukraine,2001,8.80000000367222,21.8131881141234,4.52568006515503,10.32
UKR,Ukraine,2002,5.33964720719075,20.1906567921482,5.24006986618042,4.62
UKR,Ukraine,2003,9.51660986436364,21.9426366930468,5.4001898765564,9.12
UKR,Ukraine,2004,11.7953525281136,21.0958651242924,5.12376022338867,11.38
UKR,Ukraine,2005,3.07123039245209,22.5065325534357,5.84819984436035,1.08
UKR,Ukraine,2006,7.57142076322967,24.5427579298359,5.97945976257324,6.2
UKR,Ukraine,2007,8.21584445165715,27.781165374794,5.90244007110596,6.87
UKR,Ukraine,2008,2.24349159628288,27.3925913814733,6.15242004394531,1.49
UKR,Ukraine,2009,-15.1364679101502,17.0684087928518,7.05074977874756,-11.3
UKR,Ukraine,2011,5.44528081048476,20.4440036822421,5.93769979476929,5.29
UKR,Ukraine,2012,0.152314967200653,19.6146792260413,6.44267988204956,0.17
UKR,Ukraine,2013,0.045439094492707,16.4257610216877,6.41987991333008,-0.33
UKR,Ukraine,2014,-10.0788949840953,13.3964957165318,5.87491989135742,3.83
UKR,Ukraine,2015,-9.7729872128676,15.9333160342442,5.33951727495092,0.75
UKR,Ukraine,2016,2.44098194492067,21.7241623615989,5.00976991653442,3.57
UKR,Ukraine,2017,2.35997228099491,19.9647326419625,5.41706991195679,3.29
UKR,Ukraine,2018,3.48836234022659,18.5883388544006,5.3199200630188,2.22
GBR,United Kingdom,2000,4.52438074810904,18.9469377484139,4.01820993423462,2.25
GBR,United Kingdom,2001,2.39102229602824,18.7962716702215,4.1001501083374,2.13
GBR,United Kingdom,2002,1.70902736258567,18.6991795058955,4.61190986633301,1.48
GBR,United Kingdom,2003,3.21851612669614,18.3223472121232,4.8012900352478,2.27
GBR,United Kingdom,2004,2.32601853325993,18.1006116145736,4.73555994033813,1.27
GBR,United Kingdom,2005,2.7906547174688,18.4132680657531,4.92975997924805,2.04
GBR,United Kingdom,2006,2.18982132415704,18.909666594501,4.97648000717163,1.77
GBR,United Kingdom,2007,2.93091133582351,19.1749332518758,4.9244499206543,1.59
GBR,United Kingdom,2008,-0.0494116727402769,18.2886587771819,4.90972995758057,-1.12
GBR,United Kingdom,2009,-4.58740819226323,15.9866102776379,5.06263017654419,-2.7
GBR,United Kingdom,2010,2.26054460931586,16.6181160375508,5.69868993759155,1.7
GBR,United Kingdom,2011,0.851437739020326,16.491680863741,5.57219982147217,1.02
GBR,United Kingdom,2013,1.71846961308464,17.1697393956196,5.52529001235962,0.96
GBR,United Kingdom,2014,3.16017351468152,18.4324178455585,5.60134983062744,0.24
GBR,United Kingdom,2015,2.14040560033371,18.4755209500336,5.55453014373779,0.62
GBR,United Kingdom,2016,2.20652020635357,18.5956388685899,5.42795991897583,0.45
GBR,United Kingdom,2017,3.02322219840339,19.1317371265417,5.45254993438721,0.9
GBR,United Kingdom,2018,1.55133095078786,18.8761161911788,5.20438003540039,0.19
